benchmark_id,family_role,property,gate_idx,group,phi
M1,magic_axis,magic,0,M,0.018997994879449354
M1,magic_axis,magic,3,X,0.0
M1,magic_axis,magic,4,E,0.0
M1,magic_axis,magic,5,X,0.08571911192068478
M1,magic_axis,magic,6,M,0.014438066858508116
M1,magic_axis,magic,7,M,0.0009706698697658477
M1,magic_axis,entanglement,0,M,5.827930730598988e-16
M1,magic_axis,entanglement,3,X,0.0
M1,magic_axis,entanglement,4,E,0.0
M1,magic_axis,entanglement,5,X,-1.114663916723657e-15
M1,magic_axis,entanglement,6,M,-1.3707553610705268e-16
M1,magic_axis,entanglement,7,M,1.887379141862766e-16
M2,magic_axis,magic,0,M,-7.223851146894353e-17
M2,magic_axis,magic,1,X,3.360275021198807e-16
M2,magic_axis,magic,2,E,0.0
M2,magic_axis,magic,3,X,-7.629452625224076e-16
M2,magic_axis,magic,4,M,0.13536324934075517
M2,magic_axis,magic,5,M,0.21651174617157637
M2,magic_axis,magic,6,M,0.010248542219471048
M2,magic_axis,magic,7,M,3.828048988907539e-16
M2,magic_axis,entanglement,0,M,1.6727360237685692e-17
M2,magic_axis,entanglement,1,X,0.0
M2,magic_axis,entanglement,2,E,0.0
M2,magic_axis,entanglement,3,X,-5.662137425588298e-16
M2,magic_axis,entanglement,4,M,2.637889906509372e-16
M2,magic_axis,entanglement,5,M,-6.972200594645983e-17
M2,magic_axis,entanglement,6,M,5.891583517344164e-17
M2,magic_axis,entanglement,7,M,2.5845992013273643e-16
M3,magic_axis,magic,0,M,0.044131767214313986
M3,magic_axis,magic,1,M,0.008602795980984925
M3,magic_axis,magic,3,M,0.00016164982812955927
M3,magic_axis,magic,4,M,0.2754451778623859
M3,magic_axis,magic,5,M,0.2749017170989285
M3,magic_axis,entanglement,0,M,1.4077627952246985e-16
M3,magic_axis,entanglement,1,M,3.326228181776969e-16
M3,magic_axis,entanglement,3,M,-2.922107000813412e-16
M3,magic_axis,entanglement,4,M,-1.5913196686293908e-16
M3,magic_axis,entanglement,5,M,2.2989018096571577e-16
M4,magic_axis,magic,0,E,0.0
M4,magic_axis,magic,1,M,0.29407787448524475
M4,magic_axis,magic,2,M,0.12490336561155431
M4,magic_axis,magic,3,M,0.1929528087084451
M4,magic_axis,magic,4,M,0.0588417194132377
M4,magic_axis,magic,5,E,0.0
M4,magic_axis,magic,6,X,0.1720143103978063
M4,magic_axis,magic,7,M,0.00746098238486029
M4,magic_axis,entanglement,0,E,0.0
M4,magic_axis,entanglement,1,M,5.151434834260727e-16
M4,magic_axis,entanglement,2,M,4.810966440042346e-17
M4,magic_axis,entanglement,3,M,2.581638606595031e-16
M4,magic_axis,entanglement,4,M,-1.687538997430238e-16
M4,magic_axis,entanglement,5,E,0.0
M4,magic_axis,entanglement,6,X,0.0
M4,magic_axis,entanglement,7,M,1.9984014443252817e-17
M5,magic_axis,magic,0,M,0.3221339718829964
M5,magic_axis,magic,1,X,0.0
M5,magic_axis,magic,2,E,0.0
M5,magic_axis,magic,3,X,0.2815910459192228
M5,magic_axis,magic,4,M,0.08117730044894345
M5,magic_axis,magic,5,M,0.33348614202951754
M5,magic_axis,magic,6,M,0.05059160983330023
M5,magic_axis,entanglement,0,M,0.0
M5,magic_axis,entanglement,1,X,0.0
M5,magic_axis,entanglement,2,E,0.0
M5,magic_axis,entanglement,3,X,0.0
M5,magic_axis,entanglement,4,M,0.0
M5,magic_axis,entanglement,5,M,0.0
M5,magic_axis,entanglement,6,M,0.0
E1,entanglement_axis,magic,0,M,-0.008176835880333263
E1,entanglement_axis,magic,1,M,0.013491126703556938
E1,entanglement_axis,magic,2,M,0.06777124175206153
E1,entanglement_axis,magic,5,E,0.0
E1,entanglement_axis,entanglement,0,M,-0.14541303097952724
E1,entanglement_axis,entanglement,1,M,0.007915108578495651
E1,entanglement_axis,entanglement,2,M,-0.33838760214945884
E1,entanglement_axis,entanglement,5,E,0.5279366684603833
E2,entanglement_axis,magic,0,M,-5.708026643939472e-16
E2,entanglement_axis,magic,1,M,0.2529060597965259
E2,entanglement_axis,magic,2,M,-0.010610477259901562
E2,entanglement_axis,magic,3,M,0.025800091180178036
E2,entanglement_axis,magic,4,E,-1.1812772982011666e-16
E2,entanglement_axis,magic,5,E,1.1457501614131616e-16
E2,entanglement_axis,entanglement,0,M,-1.105782132526656e-16
E2,entanglement_axis,entanglement,1,M,-0.0032175811278414472
E2,entanglement_axis,entanglement,2,M,0.1865547462892923
E2,entanglement_axis,entanglement,3,M,-0.0017449010463128263
E2,entanglement_axis,entanglement,4,E,0.07717804008447357
E2,entanglement_axis,entanglement,5,E,0.0726025457073878
E3,entanglement_axis,magic,0,X,0.1973273374989635
E3,entanglement_axis,magic,1,E,0.0
E3,entanglement_axis,magic,2,M,1.175356108736499e-16
E3,entanglement_axis,magic,4,M,0.0
E3,entanglement_axis,magic,5,M,-1.1339077824838266e-16
E3,entanglement_axis,magic,6,E,0.0
E3,entanglement_axis,entanglement,0,X,0.25952419680261096
E3,entanglement_axis,entanglement,1,E,0.0
E3,entanglement_axis,entanglement,2,M,0.0
E3,entanglement_axis,entanglement,4,M,0.0
E3,entanglement_axis,entanglement,5,M,0.0
E3,entanglement_axis,entanglement,6,E,0.24556029644971464
E4,entanglement_axis,magic,6,E,0.0
E4,entanglement_axis,entanglement,6,E,0.6666666666666641
E5,entanglement_axis,magic,0,M,0.09871939626643564
E5,entanglement_axis,magic,1,M,0.0
E5,entanglement_axis,magic,2,X,0.010154821103488795
E5,entanglement_axis,magic,3,E,1.4418096346465366e-16
E5,entanglement_axis,magic,4,X,4.5001039931473017e-17
E5,entanglement_axis,magic,5,E,-7.431092778157714e-17
E5,entanglement_axis,entanglement,0,M,0.4526443068550753
E5,entanglement_axis,entanglement,1,M,0.0
E5,entanglement_axis,entanglement,2,X,0.0013564275548472796
E5,entanglement_axis,entanglement,3,E,0.3789165814799336
E5,entanglement_axis,entanglement,4,X,-1.8281672472160914e-16
E5,entanglement_axis,entanglement,5,E,0.08175959774495845
I11,interior,magic,0,M,0.0
I11,interior,magic,1,M,-2.1701159388006394e-16
I11,interior,magic,2,X,0.13317260813013293
I11,interior,magic,3,E,0.0
I11,interior,magic,4,E,0.0
I11,interior,entanglement,0,M,0.0
I11,interior,entanglement,1,M,-1.1146639167236572e-16
I11,interior,entanglement,2,X,0.04925162304047101
I11,interior,entanglement,3,E,0.0
I11,interior,entanglement,4,E,0.04801871021073588
I12,interior,magic,0,M,0.1871076096085674
I12,interior,magic,1,X,-2.4632148173016805e-16
I12,interior,magic,2,E,-0.004361485058422904
I12,interior,magic,3,X,-0.004265147035044265
I12,interior,magic,4,M,0.0018566964505742109
I12,interior,magic,9,E,3.68594044175552e-17
I12,interior,magic,10,E,-1.3766765505351941e-17
I12,interior,entanglement,0,M,0.10605069546151387
I12,interior,entanglement,1,X,-2.8214467799140644e-16
I12,interior,entanglement,2,E,0.09415130640382395
I12,interior,entanglement,3,X,6.483702463810914e-17
I12,interior,entanglement,4,M,4.470498045823963e-16
I12,interior,entanglement,9,E,0.4714891459679575
I12,interior,entanglement,10,E,-0.4610510853910366
I13,interior,magic,2,M,0.0
I13,interior,magic,3,M,-4.4349709090359583e-16
I13,interior,magic,4,E,0.0
I13,interior,magic,7,M,1.0391687510491465e-16
I13,interior,magic,9,M,0.0
I13,interior,magic,10,M,9.473903143468004e-18
I13,interior,magic,11,M,-1.341149413747189e-16
I13,interior,magic,12,M,0.006373092301299961
I13,interior,magic,13,X,0.12833771175669634
I13,interior,magic,14,E,0.0
I13,interior,entanglement,2,M,0.0
I13,interior,entanglement,3,M,-4.843532982098016e-16
I13,interior,entanglement,4,E,0.0
I13,interior,entanglement,7,M,1.1087427272589896e-16
I13,interior,entanglement,9,M,0.0
I13,interior,entanglement,10,M,-6.335672727194227e-17
I13,interior,entanglement,11,M,-1.6993813763595726e-16
I13,interior,entanglement,12,M,0.1932935622256756
I13,interior,entanglement,13,X,0.18114151116237184
I13,interior,entanglement,14,E,0.20582536488470765
I14,interior,magic,0,M,0.011395615946967114
I14,interior,magic,1,M,0.11985274195363674
I14,interior,magic,2,X,-3.375077994860476e-17
I14,interior,magic,3,E,0.0
I14,interior,magic,4,M,-0.017749388314432714
I14,interior,magic,5,M,-0.017461213644086742
I14,interior,magic,6,X,-0.0920167504039349
I14,interior,magic,7,E,0.00015107210204655738
I14,interior,magic,8,E,-0.0862230127779032
I14,interior,magic,9,X,0.0025484792667911727
I14,interior,magic,10,E,0.00017376039712473635
I14,interior,magic,11,M,0.04431502915984967
I14,interior,magic,12,M,0.14989367543688398
I14,interior,entanglement,0,M,0.00429338216465161
I14,interior,entanglement,1,M,0.02935042340033171
I14,interior,entanglement,2,X,1.3174646558885192e-16
I14,interior,entanglement,3,E,0.0
I14,interior,entanglement,4,M,-0.006676237825782122
I14,interior,entanglement,5,M,-0.005140552697206157
I14,interior,entanglement,6,X,0.30746429786997165
I14,interior,entanglement,7,E,0.009065940244318048
I14,interior,entanglement,8,E,0.3271783698532988
I14,interior,entanglement,9,X,-7.297866015202696e-17
I14,interior,entanglement,10,E,0.008534181068276353
I14,interior,entanglement,11,M,-3.375077994860475e-17
I14,interior,entanglement,12,M,2.7089441800853825e-17
I15,interior,magic,0,M,3.644492115502847e-16
I15,interior,magic,1,M,0.013718487192753514
I15,interior,magic,2,X,0.12773476622922
I15,interior,magic,3,E,0.0
I15,interior,magic,4,E,-7.01660951563099e-17
I15,interior,magic,5,E,1.545430450278218e-16
I15,interior,entanglement,0,M,3.114545658415106e-16
I15,interior,entanglement,1,M,0.00047537785432939675
I15,interior,entanglement,2,X,0.4314271857023589
I15,interior,entanglement,3,E,0.0
I15,interior,entanglement,4,E,0.35185584791594715
I15,interior,entanglement,5,E,0.07429613360979596
I21,interior,magic,0,X,-0.0012641869037723196
I21,interior,magic,1,E,0.0
I21,interior,magic,2,E,0.043118211739619265
I21,interior,magic,3,M,3.4905411894214923e-16
I21,interior,magic,4,M,-0.0027679438746975272
I21,interior,magic,5,M,0.008922959949926569
I21,interior,magic,6,M,0.11961579181282811
I21,interior,magic,7,E,0.0
I21,interior,magic,8,M,-0.029506551781086143
I21,interior,magic,9,M,0.08549000339368043
I21,interior,magic,10,M,0.1382864350717356
I21,interior,magic,11,M,0.006830273080310661
I21,interior,magic,12,X,-0.012224313294693728
I21,interior,magic,13,E,7.815970093361102e-17
I21,interior,entanglement,0,X,0.11685900568120214
I21,interior,entanglement,1,E,0.0
I21,interior,entanglement,2,E,0.2493938443184333
I21,interior,entanglement,3,M,6.572520305780926e-17
I21,interior,entanglement,4,M,7.786364146037764e-17
I21,interior,entanglement,5,M,-1.983598470663613e-16
I21,interior,entanglement,6,M,-0.02286949161092456
I21,interior,entanglement,7,E,0.0
I21,interior,entanglement,8,M,0.0007499805222300573
I21,interior,entanglement,9,M,1.0421293457814803e-16
I21,interior,entanglement,10,M,-0.15097234804652918
I21,interior,entanglement,11,M,-0.001057544172011799
I21,interior,entanglement,12,X,0.023994157372647908
I21,interior,entanglement,13,E,-0.10025291513277743
I22,interior,magic,0,M,0.0557673024921882
I22,interior,magic,1,E,0.0
I22,interior,magic,2,E,0.0
I22,interior,magic,3,X,-7.40444742556671e-16
I22,interior,magic,4,M,-0.01366957444513955
I22,interior,magic,5,M,-0.012167962928267714
I22,interior,magic,6,M,0.008996691160885566
I22,interior,magic,7,M,0.2875675688475636
I22,interior,magic,8,X,0.023368529912090555
I22,interior,magic,9,E,0.0
I22,interior,entanglement,0,M,-0.018656029270931594
I22,interior,entanglement,1,E,0.0
I22,interior,entanglement,2,E,0.0
I22,interior,entanglement,3,X,-3.61488616817951e-16
I22,interior,entanglement,4,M,0.01258604841149413
I22,interior,entanglement,5,M,0.01535397150648451
I22,interior,entanglement,6,M,5.551115123125783e-17
I22,interior,entanglement,7,M,0.14295265596084478
I22,interior,entanglement,8,X,7.460698725481051e-17
I22,interior,entanglement,9,E,0.15625706549737375
I23,interior,magic,1,M,0.0
I23,interior,magic,3,M,0.0
I23,interior,magic,5,E,0.0
I23,interior,magic,6,X,0.33025963959204035
I23,interior,magic,9,M,0.044375802264710947
I23,interior,magic,11,E,-1.486218555631543e-16
I23,interior,entanglement,1,M,0.0
I23,interior,entanglement,3,M,0.0
I23,interior,entanglement,5,E,0.0
I23,interior,entanglement,6,X,-0.055666666666666365
I23,interior,entanglement,9,M,-0.055555555555555344
I23,interior,entanglement,11,E,0.6105555555555544
I24,interior,magic,0,M,0.12672533266575056
I24,interior,magic,1,M,0.030245512155508053
I24,interior,magic,2,E,0.0
I24,interior,magic,3,E,-1.4654943925052065e-16
I24,interior,magic,4,M,0.033080365002077
I24,interior,magic,6,M,0.02869373411521393
I24,interior,magic,7,M,-0.02729891456589346
I24,interior,magic,10,E,0.03015880433770351
I24,interior,magic,11,X,0.025099977970156746
I24,interior,magic,14,M,0.13800829336538886
I24,interior,entanglement,0,M,0.03389265539515352
I24,interior,entanglement,1,M,0.0432435523081145
I24,interior,entanglement,2,E,0.0
I24,interior,entanglement,3,E,0.03344097892492613
I24,interior,entanglement,4,M,0.14209768118601554
I24,interior,entanglement,6,M,0.14127255906849986
I24,interior,entanglement,7,M,5.46229728115577e-17
I24,interior,entanglement,10,E,0.3170684682866694
I24,interior,entanglement,11,X,-6.017408793468348e-16
I24,interior,entanglement,14,M,-2.76667577736589e-16
I25,interior,magic,2,E,0.0
I25,interior,magic,3,M,-2.6219374658459138e-05
I25,interior,magic,4,X,0.0
I25,interior,magic,5,E,-0.139572362519303
I25,interior,magic,6,M,0.058337336837445596
I25,interior,magic,7,M,0.1261029060857102
I25,interior,magic,8,M,-0.008333201972861613
I25,interior,magic,10,M,0.1916290548808957
I25,interior,magic,13,M,0.1221471418684797
I25,interior,magic,15,E,-3.2566542055671258e-18
I25,interior,entanglement,2,E,0.0
I25,interior,entanglement,3,M,6.143234069592533e-17
I25,interior,entanglement,4,X,0.0
I25,interior,entanglement,5,E,0.5151239042562348
I25,interior,entanglement,6,M,0.0007945764487579408
I25,interior,entanglement,7,M,-1.650531563276066e-16
I25,interior,entanglement,8,M,5.0922229396140513e-17
I25,interior,entanglement,10,M,-0.045327262612029434
I25,interior,entanglement,13,M,1.469935284603707e-16
I25,interior,entanglement,15,E,0.42880748854234196
I31,interior,magic,0,M,0.0530555474885979
I31,interior,magic,1,M,8.20084740856449e-17
I31,interior,magic,2,M,-5.385321818115093e-16
I31,interior,magic,3,M,0.08959403255922585
I31,interior,magic,4,E,-0.026763980750003514
I31,interior,magic,5,X,0.07852365386470314
I31,interior,magic,6,M,0.10171882568215052
I31,interior,magic,7,M,-0.0006906409142130944
I31,interior,magic,8,X,0.028602391339359972
I31,interior,magic,9,E,0.0
I31,interior,magic,10,X,0.2768442363150402
I31,interior,magic,11,M,-0.00029978527668286293
I31,interior,magic,12,E,0.0
I31,interior,magic,13,M,4.162911108648941e-05
I31,interior,magic,14,E,0.0
I31,interior,entanglement,0,M,0.012668284932623872
I31,interior,entanglement,1,M,4.4704980458239644e-17
I31,interior,entanglement,2,M,-3.580839328757671e-16
I31,interior,entanglement,3,M,0.0339028556298874
I31,interior,entanglement,4,E,0.012279706585634608
I31,interior,entanglement,5,X,-4.4556950721622954e-17
I31,interior,entanglement,6,M,1.3307873321840208e-16
I31,interior,entanglement,7,M,-0.0008597379328110806
I31,interior,entanglement,8,X,0.011537524893839095
I31,interior,entanglement,9,E,0.012596774563267512
I31,interior,entanglement,10,X,-2.535749388243858e-16
I31,interior,entanglement,11,M,2.1582735598713045e-16
I31,interior,entanglement,12,E,0.011180974312523692
I31,interior,entanglement,13,M,1.6090832370233936e-16
I31,interior,entanglement,14,E,0.010878738063967393
I32,interior,magic,0,X,5.216567918372068e-16
I32,interior,magic,1,E,0.0
I32,interior,magic,2,E,0.0
I32,interior,magic,6,M,0.12646757087633015
I32,interior,magic,7,M,0.15672456346532512
I32,interior,magic,9,E,0.20542616090377908
I32,interior,magic,10,X,0.04303750184959583
I32,interior,magic,11,M,0.10798503925863641
I32,interior,magic,14,E,0.0
I32,interior,magic,16,E,0.0
I32,interior,magic,17,M,-0.0268922062553295
I32,interior,entanglement,0,X,4.470498045823963e-16
I32,interior,entanglement,1,E,0.0
I32,interior,entanglement,2,E,0.0
I32,interior,entanglement,6,M,0.14812543759030647
I32,interior,entanglement,7,M,-6.17284001691587e-17
I32,interior,entanglement,9,E,0.12679537457730242
I32,interior,entanglement,10,X,-2.617165743383036e-16
I32,interior,entanglement,11,M,-4.840572387365683e-16
I32,interior,entanglement,14,E,0.009908410421699794
I32,interior,entanglement,16,E,0.026873189065732238
I32,interior,entanglement,17,M,-3.5956423024193397e-16
I33,interior,magic,0,X,0.0016688511479850537
I33,interior,magic,1,E,-0.002588292990463117
I33,interior,magic,2,X,0.163600124718846
I33,interior,magic,3,E,0.17276160771394222
I33,interior,magic,4,M,-4.506025182611967e-16
I33,interior,magic,5,M,0.21632201758359604
I33,interior,magic,6,M,0.03411302445697334
I33,interior,entanglement,0,X,-0.0002526163366838082
I33,interior,entanglement,1,E,-6.3999767154607004e-06
I33,interior,entanglement,2,X,0.25301494582494277
I33,interior,entanglement,3,E,0.25468357688315757
I33,interior,entanglement,4,M,-3.6296891418411786e-16
I33,interior,entanglement,5,M,3.715546389078857e-16
I33,interior,entanglement,6,M,-1.4758564740683747e-16
I34,interior,magic,0,E,0.0
I34,interior,magic,1,E,0.0
I34,interior,magic,2,X,0.14592927165897945
I34,interior,magic,3,M,0.013161621634162114
I34,interior,magic,4,M,-0.011634238219806234
I34,interior,magic,5,M,0.2980500790752906
I34,interior,magic,6,M,0.012644679579614923
I34,interior,magic,7,E,-2.0724163126336257e-18
I34,interior,magic,8,E,-4.796163466380677e-17
I34,interior,magic,9,M,0.12363833312390016
I34,interior,magic,10,M,0.04921263333595559
I34,interior,magic,11,X,-5.848753249252928e-05
I34,interior,magic,12,E,-1.0066022089934753e-17
I34,interior,magic,13,E,1.5395092608135503e-17
I34,interior,entanglement,0,E,0.0
I34,interior,entanglement,1,E,0.0
I34,interior,entanglement,2,X,0.06039529333399274
I34,interior,entanglement,3,M,0.05427756907922883
I34,interior,entanglement,4,M,0.021761525990413498
I34,interior,entanglement,5,M,0.1491149597477644
I34,interior,entanglement,6,M,0.0033016968732186326
I34,interior,entanglement,7,E,0.027729544718434536
I34,interior,entanglement,8,E,0.03768722191096433
I34,interior,entanglement,9,M,-8.245256329549495e-17
I34,interior,entanglement,10,M,-1.1842378929335005e-16
I34,interior,entanglement,11,X,-1.746750892076913e-16
I34,interior,entanglement,12,E,0.03185716040322537
I34,interior,entanglement,13,E,0.3097022065351279
I35,interior,magic,0,E,0.0
I35,interior,magic,1,X,4.529709940470639e-16
I35,interior,magic,2,M,7.291944825738029e-16
I35,interior,magic,3,M,-0.0033751444300625356
I35,interior,magic,4,M,0.08737291679984563
I35,interior,magic,5,M,0.054320721279945805
I35,interior,magic,6,M,-0.022275786259059002
I35,interior,magic,7,M,0.02814813947788259
I35,interior,magic,8,M,-1.3470706032118566e-16
I35,interior,magic,9,M,0.26818319506793353
I35,interior,magic,10,E,-0.10594295751538171
I35,interior,magic,11,X,0.046145287367899614
I35,interior,magic,12,E,3.967196941327226e-17
I35,interior,magic,13,M,0.1561005677994755
I35,interior,magic,14,M,0.08399727387299362
I35,interior,entanglement,0,E,0.0
I35,interior,entanglement,1,X,2.31666537805116e-16
I35,interior,entanglement,2,M,4.1892415462522575e-16
I35,interior,entanglement,3,M,0.07992602065500276
I35,interior,entanglement,4,M,0.04375186619331177
I35,interior,entanglement,5,M,0.2783207580413639
I35,interior,entanglement,6,M,9.755159643039707e-17
I35,interior,entanglement,7,M,1.268614842805012e-16
I35,interior,entanglement,8,M,-4.944193202997365e-17
I35,interior,entanglement,9,M,-5.669538912419133e-17
I35,interior,entanglement,10,E,0.2739456889284873
I35,interior,entanglement,11,X,0.02688647588499239
I35,interior,entanglement,12,E,0.20353642860615903
I35,interior,entanglement,13,M,-4.0116058623122324e-17
I35,interior,entanglement,14,M,2.526867604046856e-16
I41,interior,magic,1,M,0.0
I41,interior,magic,3,M,0.020061592636529672
I41,interior,magic,4,M,0.10495956449056132
I41,interior,magic,5,M,-0.05063788625260386
I41,interior,magic,6,M,-0.021691250354346662
I41,interior,magic,8,M,-0.00526817392799459
I41,interior,magic,9,M,0.1037998378432369
I41,interior,magic,10,M,0.008871357052501857
I41,interior,magic,11,M,0.09625069108596652
I41,interior,magic,13,E,0.12972354624922272
I41,interior,magic,14,X,0.14225634263243814
I41,interior,magic,16,M,0.005947822810491309
I41,interior,magic,17,M,0.05719303586740383
I41,interior,magic,18,M,0.2690859028095504
I41,interior,entanglement,1,M,0.0
I41,interior,entanglement,3,M,-0.017724363143584245
I41,interior,entanglement,4,M,-0.06927785602005238
I41,interior,entanglement,5,M,0.04081129580479553
I41,interior,entanglement,6,M,-0.011790099611898634
I41,interior,entanglement,8,M,4.1951627357169253e-16
I41,interior,entanglement,9,M,0.011774091181702081
I41,interior,entanglement,10,M,-7.934393882654452e-17
I41,interior,entanglement,11,M,-0.22529717893669038
I41,interior,entanglement,13,E,0.3738891735613811
I41,interior,entanglement,14,X,5.79832478327565e-16
I41,interior,entanglement,16,M,7.001806541969321e-17
I41,interior,entanglement,17,M,2.7814787510275587e-16
I41,interior,entanglement,18,M,3.9968028886505634e-17
I42,interior,magic,0,M,0.21688261346561793
I42,interior,magic,1,E,0.0
I42,interior,magic,2,X,0.028020718483451577
I42,interior,magic,3,E,0.05046171598452921
I42,interior,magic,4,X,0.14417873251304317
I42,interior,magic,5,M,0.004060135461428148
I42,interior,magic,6,M,0.13595084706728464
I42,interior,magic,7,M,0.3096754335616364
I42,interior,magic,8,M,-0.006622614712488377
I42,interior,magic,9,M,-0.0033151909043978717
I42,interior,magic,10,M,-0.0034497740566670774
I42,interior,magic,11,M,-0.026691174028510505
I42,interior,magic,12,M,-0.014430652079523326
I42,interior,entanglement,0,M,0.15345810713816618
I42,interior,entanglement,1,E,0.0
I42,interior,entanglement,2,X,2.0117241206207835e-16
I42,interior,entanglement,3,E,0.1510414440336274
I42,interior,entanglement,4,X,4.543032616766141e-16
I42,interior,entanglement,5,M,-2.7207865590147166e-16
I42,interior,entanglement,6,M,-1.6431300764452316e-17
I42,interior,entanglement,7,M,1.903662412890602e-16
I42,interior,entanglement,8,M,-1.3589129821411913e-16
I42,interior,entanglement,9,M,1.166474324539498e-16
I42,interior,entanglement,10,M,2.3299880543466616e-16
I42,interior,entanglement,11,M,2.6704564485650434e-16
I42,interior,entanglement,12,M,8.31927119785784e-17
I43,interior,magic,0,X,0.07226187293524913
I43,interior,magic,1,E,0.0
I43,interior,magic,2,M,0.0002556630869309512
I43,interior,magic,3,M,0.0020636611418509182
I43,interior,magic,4,M,0.006775446251282284
I43,interior,magic,5,M,2.279657943896988e-17
I43,interior,magic,6,X,0.18373653454632377
I43,interior,magic,7,E,-0.0035118508793905907
I43,interior,magic,8,M,-0.011633327050296682
I43,interior,magic,9,M,0.18805136097974673
I43,interior,magic,10,M,0.004516600922874879
I43,interior,magic,11,M,0.27288864580948147
I43,interior,magic,12,X,0.12051414229493677
I43,interior,magic,13,E,-1.4891791503638768e-16
I43,interior,entanglement,0,X,0.08895666664813533
I43,interior,entanglement,1,E,0.0
I43,interior,entanglement,2,M,-0.00034473972686406595
I43,interior,entanglement,3,M,0.0003746730514080314
I43,interior,entanglement,4,M,0.0020323230512838473
I43,interior,entanglement,5,M,4.736951571734001e-18
I43,interior,entanglement,6,X,0.035321876971529276
I43,interior,entanglement,7,E,0.002378556819470531
I43,interior,entanglement,8,M,0.010097068189948656
I43,interior,entanglement,9,M,-0.05473019259252927
I43,interior,entanglement,10,M,0.0408471338587331
I43,interior,entanglement,11,M,1.8133642735544223e-16
I43,interior,entanglement,12,X,0.11756739260917311
I43,interior,entanglement,13,E,0.2756731193696732
I44,interior,magic,0,M,0.21674415405520664
I44,interior,magic,1,E,0.0
I44,interior,magic,2,M,0.053555867910759114
I44,interior,magic,3,M,0.15926892565000456
I44,interior,magic,4,X,0.18934477102036354
I44,interior,magic,5,E,0.049387746324309346
I44,interior,magic,6,E,-0.03962524165497483
I44,interior,magic,7,X,0.015462210560835429
I44,interior,magic,8,E,0.15336523594190926
I44,interior,magic,9,X,0.0700976495474856
I44,interior,magic,10,M,-0.031210286548293636
I44,interior,magic,11,M,-0.02571341357130592
I44,interior,magic,12,M,0.03917334046097855
I44,interior,magic,13,M,-0.000918524892537572
I44,interior,entanglement,0,M,0.24472117501235538
I44,interior,entanglement,1,E,0.0
I44,interior,entanglement,2,M,1.1590728377086635e-16
I44,interior,entanglement,3,M,0.10611433980413314
I44,interior,entanglement,4,X,6.0692192012841886e-18
I44,interior,entanglement,5,E,0.04085946852440382
I44,interior,entanglement,6,E,0.18906792255049865
I44,interior,entanglement,7,X,5.067057884389215e-16
I44,interior,entanglement,8,E,0.09943658063201154
I44,interior,entanglement,9,X,-1.4166445794217e-16
I44,interior,entanglement,10,M,3.2847798555242966e-16
I44,interior,entanglement,11,M,-1.258252761241844e-17
I44,interior,entanglement,12,M,-2.3107441885864924e-16
I44,interior,entanglement,13,M,8.79296635503124e-17
I45,interior,magic,4,E,0.14609870456259824
I45,interior,magic,6,M,0.1470573574796755
I45,interior,magic,7,M,0.1454516233446137
I45,interior,magic,8,M,0.2872729711067264
I45,interior,magic,10,E,-7.934393882654452e-17
I45,interior,magic,12,M,0.14195740667370002
I45,interior,magic,13,E,-7.904787935331114e-17
I45,interior,entanglement,4,E,0.3190108843751233
I45,interior,entanglement,6,M,0.09794233181487934
I45,interior,entanglement,7,M,0.35539907606725996
I45,interior,entanglement,8,M,0.011517171706622822
I45,interior,entanglement,10,E,0.2987347713010825
I45,interior,entanglement,12,M,2.042810365310288e-17
I45,interior,entanglement,13,E,-0.16406363525011902
I51,interior,magic,0,M,0.3165319227550355
I51,interior,magic,1,M,0.03094448471325039
I51,interior,magic,2,M,0.1548404519057264
I51,interior,magic,3,X,0.21802233107667415
I51,interior,magic,4,E,0.17039534111953256
I51,interior,magic,5,X,0.15830798428045623
I51,interior,magic,6,M,0.0247882369038937
I51,interior,entanglement,0,M,6.735353016059283e-17
I51,interior,entanglement,1,M,-1.317464655888519e-17
I51,interior,entanglement,2,M,0.11315703895155238
I51,interior,entanglement,3,X,5.870859354217829e-16
I51,interior,entanglement,4,E,0.1098771247790437
I51,interior,entanglement,5,X,1.62980740014973e-16
I51,interior,entanglement,6,M,3.493501784153826e-17
I52,interior,magic,0,E,0.0
I52,interior,magic,1,X,0.06720247532244596
I52,interior,magic,2,X,0.15262052963166967
I52,interior,magic,3,E,0.009780843677653773
I52,interior,magic,4,E,0.008425898444382136
I52,interior,magic,5,M,0.2379952263574237
I52,interior,magic,6,M,0.23986795537191505
I52,interior,magic,7,X,0.09196388417880663
I52,interior,magic,8,E,0.034784714327853065
I52,interior,magic,9,X,0.12054620675587535
I52,interior,magic,10,M,0.008827632694432827
I52,interior,magic,11,M,0.1698298235001382
I52,interior,magic,12,M,-0.062466605569109615
I52,interior,magic,13,X,0.006746193859428848
I52,interior,magic,14,E,-1.9539925233402754e-17
I52,interior,entanglement,0,E,0.0
I52,interior,entanglement,1,X,0.06322093880325383
I52,interior,entanglement,2,X,2.00876352588845e-16
I52,interior,entanglement,3,E,0.012381900989240925
I52,interior,entanglement,4,E,0.014905699403861578
I52,interior,entanglement,5,M,-0.06116080079739692
I52,interior,entanglement,6,M,-1.4270066609848677e-16
I52,interior,entanglement,7,X,0.041232271757997194
I52,interior,entanglement,8,E,0.02280635007147749
I52,interior,entanglement,9,X,0.074713285446564
I52,interior,entanglement,10,M,0.007944815978294505
I52,interior,entanglement,11,M,2.987240084924755e-16
I52,interior,entanglement,12,M,0.0319658501472238
I52,interior,entanglement,13,X,-0.018008750697481875
I52,interior,entanglement,14,E,0.09812676368185508
I53,interior,magic,1,M,-2.276697349164654e-16
I53,interior,magic,3,E,0.0
I53,interior,magic,5,E,0.057376570386374545
I53,interior,magic,6,X,0.17533892785380684
I53,interior,magic,7,E,0.07989103131063921
I53,interior,magic,9,M,0.22943191292659684
I53,interior,magic,10,M,0.0321037206300994
I53,interior,magic,11,M,0.04988923113181847
I53,interior,magic,12,M,0.1984527255523471
I53,interior,magic,13,E,0.006700975906826827
I53,interior,magic,14,X,0.015671863866902544
I53,interior,magic,17,M,0.09861342731037387
I53,interior,magic,18,M,0.14589066433800085
I53,interior,entanglement,1,M,-1.9761969838327787e-16
I53,interior,entanglement,3,E,0.0
I53,interior,entanglement,5,E,0.20860633052318364
I53,interior,entanglement,6,X,0.22643296420142164
I53,interior,entanglement,7,E,-0.01836782809625147
I53,interior,entanglement,9,M,0.03300209113280469
I53,interior,entanglement,10,M,-0.0062376487066137885
I53,interior,entanglement,11,M,0.0021804952907372222
I53,interior,entanglement,12,M,2.754833398436555e-16
I53,interior,entanglement,13,E,0.02888369365454201
I53,interior,entanglement,14,X,-5.893063814710331e-16
I53,interior,entanglement,17,M,-2.1123843415201312e-16
I53,interior,entanglement,18,M,1.521745692419548e-16
I54,interior,magic,0,X,0.2025756858477788
I54,interior,magic,1,E,0.21846056364133926
I54,interior,magic,2,E,0.0
I54,interior,magic,3,X,0.09966172799335808
I54,interior,magic,4,E,0.00039114867558695765
I54,interior,magic,5,X,0.009657797075129728
I54,interior,magic,6,M,2.0309679863809534e-16
I54,interior,magic,7,M,0.050253559943773875
I54,interior,magic,8,M,0.08904849105476964
I54,interior,magic,9,M,0.09188760232104398
I54,interior,magic,10,M,-0.0006100911940851258
I54,interior,magic,11,E,0.04093698994586263
I54,interior,magic,12,E,0.133435058348633
I54,interior,magic,13,X,-0.001071546681328895
I54,interior,magic,14,X,0.07417677015397735
I54,interior,magic,15,E,-0.005999631548010785
I54,interior,magic,16,M,0.0730761367772588
I54,interior,magic,17,M,0.003456840991887295
I54,interior,magic,18,M,-0.000922453141110824
I54,interior,entanglement,0,X,0.07601162674661971
I54,interior,entanglement,1,E,0.2028256122033672
I54,interior,entanglement,2,E,0.0
I54,interior,entanglement,3,X,-0.10720354295656105
I54,interior,entanglement,4,E,-0.025568263475961937
I54,interior,entanglement,5,X,0.010861333316392888
I54,interior,entanglement,6,M,6.957397620984315e-17
I54,interior,entanglement,7,M,1.2730557349035128e-17
I54,interior,entanglement,8,M,0.2637922978346535
I54,interior,entanglement,9,M,0.024042721149487772
I54,interior,entanglement,10,M,-0.0038519121784544885
I54,interior,entanglement,11,E,-0.012451382491956407
I54,interior,entanglement,12,E,0.16187697216168206
I54,interior,entanglement,13,X,0.08014017727430786
I54,interior,entanglement,14,X,5.2698586235540765e-17
I54,interior,entanglement,15,E,-9.300989462303969e-05
I54,interior,entanglement,16,M,-3.819167204710539e-17
I54,interior,entanglement,17,M,5.861977570020826e-17
I54,interior,entanglement,18,M,-1.9095836023552692e-16
I55,interior,magic,0,M,0.2789157300863667
I55,interior,magic,1,M,0.2855988212087847
I55,interior,magic,2,M,-0.006727640214977538
I55,interior,magic,3,M,0.27528813727616175
I55,interior,magic,4,X,0.02437599975187476
I55,interior,magic,5,E,9.473903143468002e-18
I55,interior,magic,6,E,-2.6349293117770383e-17
I55,interior,magic,7,E,-5.802765675374151e-17
I55,interior,entanglement,0,M,5.299464570877414e-17
I55,interior,entanglement,1,M,0.19054586070801072
I55,interior,entanglement,2,M,1.2982207901283497e-16
I55,interior,entanglement,3,M,0.1632430155254098
I55,interior,entanglement,4,X,-2.546111469807026e-16
I55,interior,entanglement,5,E,0.03298858814219991
I55,interior,entanglement,6,E,0.15378865000440317
I55,interior,entanglement,7,E,0.15795297218962956
